id,fname,city,phone,height,Married
1,Hervey,Bayanbaraat,4355014679,5.9,true
2,Jonathan,Mýto,6959756970,6.8,true
3,Andros,Leidian,7182871166,5.8,true
4,Aleda,Pittsburgh,4122686890,4.9,true
5,Viole,Boudinar,6539944888,4.9,true
6,Alicia,Nanshe,3984985555,5.0,false
7,Bethany,Panyam,1719996540,6.6,false
8,Dyanne,Neos Voutzás,8629979173,5.1,false
9,Karia,Ryazhsk,8819883852,6.1,true
10,Eward,Oulmes,2375006597,4.4,true
11,Garvey,Concepcion,3884646220,5.5,false
12,Domini,Babakanloa,4808440695,5.5,true
13,Genovera,Algoz,1568059779,5.1,true
14,Nap,Carson City,7757371592,6.9,false
15,Nadiya,Bílina Kyselka,6186655907,6.5,false
16,Alonzo,Caacupé,8026214749,6.8,false
17,Godfree,Bauchi,1412497117,6.9,false
18,Titos,Pumai,6803873760,5.4,true
19,Care,Sepatan,5734852812,5.5,false
20,Klement,Laholm,3615146912,4.6,false
21,Brittne,Dananshan,9007991760,4.1,true
22,Hali,Vale,4252901776,6.4,true
23,Tonye,Gayam,5159918802,5.4,true
24,Oralie,Oslo,9384238371,4.3,false
25,Ansley,Beijós,3533702643,6.0,true
26,Immanuel,San Andres,8018914373,5.1,true
27,Sallie,Vogar,8951317334,4.2,true
28,Bonnibelle,Montpellier,4005316726,5.0,true
29,Jeno,Glasnevin,9432522878,6.6,true
30,Krysta,Mufulira,5429474100,5.5,true
31,Gregor,Leipsoí,3346409811,6.6,true
32,Hymie,Nzeto,2516628238,5.0,false
33,Finlay,Ishim,1237919180,4.4,true
34,Shirley,Grivenskaya,4747250376,4.2,true
35,Imogen,Stavanger,4314831979,5.4,false
36,Thaddeus,Choa Saidān Shāh,3465568908,5.8,false
37,Rodrick,Buenlag,9572387565,4.9,true
38,Zed,Sandaohezi,5426707859,5.7,true
39,Malory,Lañgub,1112072353,4.1,true
40,Jerrie,Leones,6977548675,4.9,false
41,Lilla,Marigot,4026490509,4.4,true
42,Sandro,Fenjie,2069371798,6.5,false
43,Carolann,Regente Feijó,5214837344,5.0,false
44,Estella,Paratunka,9289210836,6.8,false
45,Cassaundra,Shanglu,4201400024,5.9,true
46,Ulrika,Babana,4869838869,6.7,false
47,Adriano,Shiqiao,2623229001,5.8,false
48,Gage,Markópoulo,6773716897,6.5,true
49,Ivonne,Neglasari,2194691242,4.1,true
50,Rosella,Uherské Hradiště,3337652011,6.4,false
51,Gray,Kętrzyn,1119452957,4.1,true
52,Wilmar,Al Fashn,1361518112,5.3,true
53,Frannie,Masoli,7967136146,5.9,false
54,Roxane,Lazo,7682355102,5.0,true
55,Patti,Tovarnik,8376502339,4.2,true
56,Aubine,Ludishan,1803784779,4.7,true
57,Vevay,Alofi,2834691338,5.5,true
58,Cleo,San Antonio de los Baños,9702724215,6.2,false
59,Alanah,Panguipulli,8933790676,5.8,false
60,Orlando,Naḥf,3811140846,6.4,false
61,Essy,Kalpin,8229984864,6.2,true
62,Giulia,Kolomak,2922488063,6.7,false
63,Georgine,Chamalières,2903946606,5.0,false
64,Paton,Vlycháda,8623199126,6.5,true
65,Amalita,Aba,6912510884,6.9,true
66,Brianna,Pambuhan,9582930935,4.5,false
67,Cathlene,Paris 13,2774843034,6.4,true
68,Glynis,Muarasiau,4084585050,4.2,false
69,Carmina,Vinces,4856121845,4.6,true
70,Ilene,Monastirákion,9422908960,4.6,false
71,Costa,Werang,5311276214,6.1,false
72,Tarrah,Lavras da Mangabeira,1429467517,6.4,false
73,Jard,Stockholm,3338967400,5.1,true
74,Jackie,Voskopojë,5616404201,5.8,false
75,Garrott,Divnoye,1489152759,4.0,true
76,Maura,Nong Bua Daeng,9902769999,5.0,false
77,Kalvin,Bailu,9723986720,4.6,false
78,Drusilla,Zürich,1923680026,6.9,false
79,Woodrow,Bayeman,8847053417,5.1,false
80,Rosalinde,Nossa Senhora do Socorro,6349600628,6.9,false
81,Leonard,Lamawalang,8838649214,4.9,true
82,Orbadiah,Xikou,8435493125,6.9,false
83,Jacki,Bāglung,6968035853,6.1,false
84,Dorrie,Aranhas,6654558791,6.1,false
85,Griffin,Dongxiao,2999869228,5.2,false
86,Caro,Kitāf,1722197724,4.2,false
87,Linus,Lille,5652567253,5.7,false
88,Madelin,Pondokdalem,9365847155,4.0,false
89,Garold,Fushi,4702177413,4.6,false
90,Ailina,Meukek,8467151940,6.0,true
91,Filberto,Fontenay-sous-Bois,1309846619,7.0,false
92,Hercules,La Labor,1541674192,6.2,false
93,Augustus,Potoni,9652561729,5.1,true
94,Drud,Tayu,1124901348,6.6,false
95,Evonne,Courtaboeuf,3442617369,5.4,true
96,Wendye,Fojo,1289557655,4.6,false
97,Alan,Lamont,3847003986,4.4,true
98,Rakel,Licheng,7488000542,5.0,false
99,Catina,Puntarenas,4278439121,5.9,true
100,Joann,Cajamarca,3223014407,5.3,false
101,Ashlee,Dashtavan,9625633317,5.1,true
102,Rudy,Sergio Osmeña Sr,1438704123,6.9,false
103,Angelika,Sceaux,8208355672,5.0,false
104,Inessa,Taranovskoye,9575363156,4.3,true
105,Fayette,Dobra,5195307680,4.2,false
106,Dori,Pagarbatu,5519145039,4.5,false
107,Valentine,San Antonio Suchitepéquez,4932650976,4.9,false
108,Hans,Kefar Shemaryahu,8454688839,4.8,true
109,Virgilio,Offa,2221932238,4.9,false
110,Norene,Chicago,3122152910,6.0,false
111,Sosanna,Kyzylorda,7781665804,6.0,false
112,Geneva,Sentul,8418248401,6.5,true
113,Carena,Outlook,7067816940,6.4,false
114,Erv,Kalkara,4476666044,6.7,true
115,Chaddy,May Pen,7897218904,6.4,false
116,Abbie,Carolina,1978136857,6.5,true
117,Ola,Wichita,3162415249,6.4,false
118,Hayward,Jetis,1246394288,6.6,true
119,Hubert,Shani,1902066618,6.6,true
120,Wilmette,Kyzylorda,8403604168,4.5,false
121,Seka,Bahía Blanca,5976640360,5.5,false
122,Kane,Ban Kruat,5965436198,4.5,false
123,Maje,Maebashi-shi,9117745480,6.2,false
124,Sherie,Kaesŏng,1603385136,7.0,true
125,Itch,Turtas,8024680885,6.3,false
126,Hobey,Josefina,7466337519,5.6,true
127,Briggs,Lubbock,8062466417,5.3,true
128,Neron,Vilhelmina,6332550186,5.0,false
129,Fredek,Jiuguan,7565985867,6.8,false
130,Anitra,Lanshan,8912718214,4.2,false
131,Susannah,Kristianstad,4818259742,6.2,false
132,Valencia,Maiduguri,4577395512,6.4,false
133,Scotty,Nanpiao,2995640499,4.1,false
134,Romain,Nagano-shi,3958451078,5.3,false
135,Linette,Quichuay,4764702586,5.1,false
136,Kasey,Americana,5735973210,5.1,false
137,Trescha,Mingzhong,1504146191,5.4,false
138,Mikel,Petaling Jaya,8904390341,6.0,false
139,Lindy,Gueset,7148283140,5.9,false
140,Dugald,Protección,8503442108,6.7,false
141,Porter,Lubuagan,4281544375,5.7,true
142,Bradford,Fengshan,9283515281,5.0,true
143,Forster,Voiron,6066143783,5.3,true
144,Amandy,Ercheng,5035711512,4.4,false
145,Jacky,Klobuky,4462876780,5.9,false
146,Galven,Krasnyy Oktyabr’,8304945647,6.4,false
147,Lissie,Minas de Oro,6579359880,6.3,false
148,Arda,Birātnagar,5422619965,5.3,false
149,Michale,Ipaba,3646759658,4.9,false
150,Feliza,Paripiranga,6176460133,5.2,true
151,Ashely,Guayaquil,5384671814,5.0,true
152,Florella,Kota Kinabalu,4801018015,5.1,false
153,Wittie,Bangelan,4867450715,5.4,true
154,Jake,Pyapon,1084724298,4.9,false
155,Kailey,Podkumskiy,6516058118,5.7,false
156,Alysia,Nakhon Sawan,1913554252,4.9,false
157,Pauly,Lafayette,3377301570,4.2,false
158,Wynn,Priozërsk,7914186732,6.7,true
159,Dulcie,Louisville,5025394841,6.5,true
160,Valli,Dajing,7126280495,6.7,true
161,Mirna,Pataha,4066952270,4.9,false
162,Maris,Baitu,7013152951,6.6,true
163,Celisse,Bazi,4996295605,5.3,false
164,Ferne,El Rancho,8865830402,5.2,false
165,Norah,Pawłosiów,8298427908,5.2,true
166,Irita,Macaíba,1148662107,4.4,true
167,Anna-maria,Pjanići,7308442336,6.3,false
168,Aubrey,Lipin Bor,4798782212,4.3,true
169,Magda,Puqi,2023653067,5.8,true
170,Terence,San Miguel,1657332083,5.4,false
171,Harmon,Yakymivka,5805990003,6.6,false
172,Bent,Kolindrós,3111229699,5.3,false
173,Roxie,Nancheng,6345664729,6.5,false
174,Bibbye,Jianrao,2372721384,6.8,false
175,Ede,Chepes,9035467087,4.8,true
176,Husein,Varybóbi,3565947919,5.9,false
177,Celene,Enshi,2613909057,5.5,false
178,Stacee,Etinan,3446463370,5.5,true
179,Brit,Pasauran,3248223103,6.3,true
180,Shermy,Pesqueira,9269660371,5.2,true
181,Tiff,Balneário Camboriú,2838930729,6.5,false
182,Rockwell,Tokuyama,2187277533,6.8,true
183,Shelby,Yangiyŭl,5011644976,6.7,false
184,Aloise,Huangtu,3565758417,6.0,true
185,Amandy,Iiyama,5932891463,4.9,true
186,Norry,Elói Mendes,8165818034,6.2,false
187,Hannis,Ñuñoa,5626845090,4.5,false
188,Geraldine,Daban,5163233933,6.4,false
189,Meggy,Muaralabuh,9972708625,6.1,false
190,Chrissy,Mambulo,5279267596,5.2,false
191,Lammond,Sabinópolis,8989660211,4.6,true
192,Halie,Shakhtars’k,3777222888,4.7,true
193,Colman,Leuwidamar,4017191510,5.8,false
194,Sherman,Rajūzah,7561087698,5.9,false
195,Zelma,Oster,8972891836,4.9,true
196,Frederigo,Buruanga,5371126026,5.2,true
197,Merrel,Huntsville,2567977789,6.0,true
198,Kathryne,Nogueira,7309296153,4.0,false
199,Starla,Korsun’-Shevchenkivs’kyy,1218372734,6.8,false
200,Ignazio,Huochezhan,9356801795,5.6,true
201,Sylvan,Milton,9646099958,7.0,true
202,Stephi,Ban Na,4906838800,5.1,true
203,Patricio,Kadoma,8105350629,5.7,false
204,Samaria,Nueva Cajamarca,9097829459,5.3,true
205,John,Zyuzino,9579375475,4.3,false
206,Dedra,Komaki,9853810320,5.0,false
207,Marsha,Pesek,4278864348,4.0,false
208,Lorene,Poços de Caldas,1202071127,6.7,false
209,Terrence,Banjar Dharmasemedi,6779327196,5.7,true
210,Oona,Colca,4421159609,5.2,true
211,Abbie,El Congo,9879075730,5.7,false
212,Francklin,Talibura,2606776108,6.8,false
213,Heywood,Capitán Sarmiento,9076557322,6.4,true
214,Gianni,Rudnyy,9024689057,6.7,false
215,Tracey,Araguari,7485662216,4.4,true
216,Beverly,General Levalle,1389557580,4.1,true
217,Nissie,El Retén,6325051638,6.7,false
218,Clarie,Lazaro Cardenas,7222709354,5.4,false
219,Brianne,São José dos Pinhais,2133131798,5.4,false
220,Janel,Qom,7677066117,5.2,true
221,Marian,Ivyanyets,8445619142,6.1,true
222,Daniel,Josefův Důl,2887852286,4.2,true
223,Michele,Normanton,4569698699,4.1,false
224,Dick,Tindog,4727948572,4.0,false
225,Raymond,Carmen,1321950623,6.3,true
226,Doralin,Jaruco,1149355369,4.9,true
227,Devondra,Huachos,7397518953,5.8,true
228,Carmina,Pandan,8244286087,6.3,false
229,Klara,Banqiao,6705139369,4.6,false
230,Seamus,Iligan City,4514805090,5.6,true
231,Marty,Sinarwangi,3417046680,5.9,true
232,Niccolo,Malo,6998065831,4.0,false
233,Mitchell,Svalöv,6477933850,6.9,false
234,Irwinn,Weepangali,7783526985,4.8,false
235,Mariya,Guadalupe,7682703931,5.3,false
236,Torrance,Ganjaran,3739716372,6.7,true
237,Randie,Río Colorado,3722940536,5.9,true
238,Elvyn,Cigaras,6359849628,5.8,false
239,Jaine,Cajamar,8226999289,6.3,false
240,Ricky,Gradec,3795583682,4.1,true
241,Hyatt,Powidz,6851337686,4.3,false
242,Bart,Padangcermin,7512402291,5.2,true
243,Aurthur,Soufrière,7519495058,5.8,true
244,Fifine,Gaocun,2897545542,4.2,true
245,Griffin,Weihe,9645925291,6.8,false
246,Lefty,Cibulakan,3821634739,6.5,false
247,Vinny,Mnichovo Hradiště,7037762400,5.2,true
248,Elianora,Xingguo,2574342043,5.5,true
249,Jeniece,Iwŏn-ŭp,8551087360,5.3,false
250,Reinald,Tilik,1925215788,5.9,false
251,Jacobo,Bahía Honda,7473484092,5.4,false
252,Roxie,Registro,9228704427,6.2,false
253,Rowland,Alagoinhas,1076595721,6.3,true
254,Hernando,Cachoeiras de Macacu,7926116013,4.4,true
255,Cyrill,Enschede,5248014104,4.8,true
256,Philipa,Masaran,6362653262,5.1,false
257,Hayden,Anār,6519202110,4.1,true
258,Vernen,Culasian,7566854060,6.0,true
259,Barret,Eldama Ravine,2773264055,6.8,false
260,Verine,Lodhrān,6791873167,6.0,false
261,Arne,Bayān,3197364138,4.9,true
262,Denna,Cibugel,5153943248,5.1,true
263,Carry,São Raimundo Nonato,1459617421,6.7,false
264,Fax,Itaqui,7661404893,5.6,false
265,Findlay,Watuweri,2408165741,4.0,false
266,Jarid,El Parco District,9287368334,4.0,true
267,Alta,Fengyuan,4397405724,6.8,true
268,Raul,Serdobsk,1477993236,5.6,false
269,Gerrilee,Sacramento,9162478086,6.3,true
270,Aaren,Banī Ḩassān,1162674954,6.4,false
271,Selene,Bira,8405522582,5.0,false
272,Andres,Maromitsa,5848599680,4.9,true
273,Lavina,Mihara,2005777193,6.5,true
274,Kessiah,Oliveira de Frades,1601493615,5.0,true
275,Englebert,Lazaro Cardenas,3246167858,4.5,true
276,Cicily,Curuzú Cuatiá,7581719225,6.7,true
277,Dorothee,Pasadena,6506172119,5.3,false
278,Siffre,Sandao,4022285057,5.0,false
279,Keary,Tyshkivka,7724508919,6.5,false
280,Rikki,Slobodka,7733660764,5.2,false
281,Neale,Domampot,3371619660,4.2,true
282,Leisha,Nueva Germania,4899684297,6.6,false
283,Garrard,Skrzyszów,7472394674,5.3,false
284,Ashlan,Staryy Sambor,7114026727,6.5,true
285,Dean,Itu,6993148896,4.2,true
286,Dareen,San Simón,4114996783,6.5,false
287,Genovera,Sindanghayu,1247246665,4.9,true
288,Randene,Youshan,3824549005,5.8,true
289,Darrelle,Qibu,8956842459,6.5,true
290,Sheena,Werangere,2506910021,6.9,true
291,Eduino,Huzhen,4314250436,7.0,false
292,Lorrayne,Jolo,2879009626,5.1,false
293,Cheryl,Sudo,7864647327,5.9,false
294,Brooke,Sivers’k,8936344697,4.1,false
295,Linette,Qal‘at al Andalus,1948630005,4.0,true
296,Desiree,Dobdoban,9604326127,5.5,true
297,Corby,Nyagan,6679235150,5.0,false
298,Gabi,Sexmoan,9588258494,4.8,false
299,Sabra,Thika,1206221572,5.2,true
300,Morty,Chiang Yuen,5906263495,4.6,true
301,Ilyssa,Ocumare del Tuy,1352255939,4.8,false
302,Lamar,Seremban,9517866142,6.8,false
303,Delmer,Zhouhe,7486370248,6.3,false
304,Alejandra,Al Balyanā,4138808242,4.0,true
305,Marsha,Uenohara,2756251160,5.5,true
306,Richmond,Yitulihe,9033367497,5.0,false
307,Gun,Margarita,7556358398,5.5,true
308,Gawen,Niedercorn,7609144158,5.3,true
309,Roby,Venta,6654506681,5.6,true
310,Pammie,Huanshi,3385778404,4.7,true
311,Derek,Cambebba,2226056714,5.2,false
312,Hyacinth,Ar Ramāḑīn,3709122252,4.3,false
313,Chastity,Nakkila,1416657516,6.2,false
314,Marco,Zbąszyń,1233620467,4.2,false
315,Nedda,Chinchiná,1158143453,4.7,true
316,Blondy,Ourense,8325059003,6.2,false
317,Kort,Meijiang,9605069761,5.6,true
318,Dannie,Leribe,1294419247,5.7,true
319,Saunder,Liquica,6433885552,6.5,false
320,Dynah,Rizómilos,2257646277,6.5,false
321,Nanine,Jebba,4359909830,6.4,false
322,Rhodia,Sexiong,4311999747,7.0,false
323,Artus,Pithári,4966370491,5.8,true
324,Filippo,Banyo,2441958834,5.6,true
325,Standford,Belo Oriente,1334443401,5.0,true
326,Merwyn,Akropong,4646253155,6.1,false
327,Val,Khánh Hải,1862318958,4.1,false
328,Rorke,Soloma,1209779526,5.5,true
329,Erek,Meilin,2954036495,5.5,false
330,Gregory,Tópaga,2478787245,5.2,true
331,Maura,Shuikou,1951504568,6.0,true
332,Dall,Bājitpur,9225756864,5.7,true
333,Jori,Bariri,2359178820,5.3,false
334,Shawn,Sepanjang,6619270664,4.5,false
335,Hilarius,Salimbao,2697167480,5.2,true
336,Keenan,Cihampelas,1171281434,4.7,true
337,Everett,Balogo,3126861465,5.1,true
338,Rosalia,Marseille,9074598798,4.5,true
339,Sapphira,Mboursou Léré,9243198381,6.0,true
340,Linea,Guozhuang,9671709322,5.8,false
341,Vernice,Zborovice,6381198156,4.5,true
342,Amber,Uppsala,8541135096,5.8,false
343,Milt,Měnín,8448920438,4.6,false
344,Ingmar,Tumbagaan,5113263435,4.5,true
345,Stefanie,Belize City,1133539582,5.9,false
346,Kelcey,Tuburan,9046529340,6.9,false
347,Alexandros,Qionghu,3709173577,6.7,true
348,Nataline,Dusit,4473171030,4.9,true
349,Roosevelt,Brka,4554623335,6.5,true
350,Aleen,Baishan,7931942650,6.2,true
351,Henrieta,Międzyzdroje,8405304396,4.5,false
352,Viki,Söderköping,3032540106,5.7,true
353,Byram,Baikui,1083488110,5.2,true
354,Eloise,Las Palmas,7753326053,6.8,false
355,Nona,Cereté,4001054658,6.5,true
356,Legra,Napu,6062025568,4.6,true
357,Aylmar,Banpu,5742684249,6.7,false
358,Irvine,Clones,4983855741,4.5,false
359,Hannie,Jatisari,5596725424,4.5,false
360,Pierson,Bang Khon Thi,3049181623,6.1,false
361,Maude,Novyye Gorki,8739340423,4.0,false
362,Fabio,Montesson,4072350918,6.2,true
363,Carolina,Baojiadian,2559223454,6.0,true
364,Ellyn,Quartier Morin,7608408344,6.0,false
365,Isidor,Kachug,1046939172,4.6,false
366,Karoly,Bejuco,4904434983,4.4,true
367,Adolph,Lokot’,1157625493,6.1,false
368,Marie-ann,Lae,8642618752,4.0,false
369,Jerrie,Verkhnyaya Tura,4766871072,5.4,true
370,Aveline,Qaxbaş,6331922354,5.8,false
371,Jimmie,Panghadangan,2653657772,5.3,false
372,Yolanthe,Ichuña,5491076189,4.1,false
373,Ailey,Wangkung,2698938234,7.0,false
374,Sutherland,San José de Comayagua,8896355761,6.4,true
375,Aylmer,Talagasari,6478244821,5.5,false
376,Kimbell,Fengyang Fuchengzhen,6554619104,5.9,true
377,Flinn,Luau,7624226276,4.2,false
378,Jordon,Shigu,1609748258,4.7,false
379,Vasili,Avlónas,6827870178,4.2,false
380,Kaine,Frederiksberg,2661810326,6.9,true
381,Babb,Inowrocław,2517365673,6.6,true
382,Teddy,Gadang,5995810668,6.0,false
383,Loy,Saint-Étienne,7766704857,6.1,false
384,Dasha,Tubungan,7111950335,6.7,true
385,Tallie,Przesmyki,6493743821,4.7,true
386,Darby,That Phanom,1782684380,6.1,true
387,Ellswerth,Rychvald,5453067666,5.1,true
388,Lawton,Sacramento,9168708718,6.4,false
389,Shep,Tongle,4497119894,5.5,false
390,Isaac,Jinping,9272872178,4.7,false
391,Tommie,Bugana,6836665373,6.6,false
392,Orly,Puro Pinget,5484302380,5.8,false
393,Allix,Mandepa Barat,6569328502,6.6,true
394,Martguerita,Bridgetown,4677793163,5.6,false
395,Edwina,Áno Kalentíni,7285776432,5.2,true
396,Ellswerth,Akron,3309085836,4.1,true
397,Hugibert,Plessisville,9973304904,4.3,false
398,Kennie,Kool Tengah,5587459720,5.8,false
399,Arte,Chapultepec,7398705760,4.0,false
400,Ely,Koniaków,1382375092,6.6,false
401,Francesca,Ejidal,1436378238,6.5,false
402,Cully,Kotanopan,6936239898,5.1,false
403,Selene,Spanish Wells,9501066885,4.1,true
404,Porty,Zaozhuang,2475119135,5.2,false
405,Berke,Dhaka,5777310330,6.1,true
406,Boycey,Padova,5891735083,4.8,true
407,Marketa,Port-Gentil,6663420846,5.8,true
408,Willis,Fengyang,2896003289,6.8,true
409,Dody,Campo Verde,9798829575,4.5,false
410,Reidar,Khvorostyanka,9212938878,5.6,true
411,Walker,Qiaozhuang,8606872781,6.4,false
412,Inglis,Ecroignard,6099476032,6.6,true
413,Regan,Shangyu,3244584099,4.0,false
414,Codie,Caieiras,7074281219,6.1,false
415,Riki,San Marcos,1233289433,6.7,false
416,Mildred,Lyon,5075913366,6.4,false
417,Andonis,Jelat,4046609091,4.2,true
418,Jecho,Yafan,2202298165,4.9,true
419,Sylvia,Ārān Bīdgol,6623294085,4.4,false
420,Micki,Ash Shiḩr,3546628637,4.6,true
421,Suzanne,Los Santos,5201188268,4.3,true
422,Carrie,Sangumata,6479815004,4.4,true
423,Nani,Byera Village,6064286439,6.5,true
424,Linn,Arāk,6247254485,4.3,false
425,Ermentrude,Lučina,5085017911,4.4,true
426,Lettie,Gedangan,5562143735,4.8,true
427,Bord,Cerro Blanco,1413277756,5.7,true
428,Elwood,Gaohu,5817020742,4.9,true
429,Eberhard,Fayaoué,5473623505,7.0,true
430,Myrah,São Roque,6426810349,6.1,true
431,Erick,Agua Blanca,5848226962,4.6,false
432,Nehemiah,Samokov,2829941406,6.3,true
433,Matthus,Partille,5046176490,5.1,false
434,Cord,Kiyawa,7148504846,5.5,true
435,Sascha,Selnica,3254016139,5.5,true
436,Julieta,Niš,9144048761,7.0,false
437,Felix,Belsk Duży,5157487443,5.9,true
438,Florella,Loures,1248651747,6.0,false
439,Perry,Montilla,8251971213,5.2,false
440,Percival,Cibodas,6772517458,4.0,false
441,Myrlene,Hultsfred,7132196995,6.9,false
442,Godwin,Abomey-Calavi,5618001618,6.1,true
443,Sharleen,Ratchathewi,5852230687,6.0,true
444,Alanah,Changsha,9494255130,6.7,true
445,Tommy,Kandi,5958085245,4.1,false
446,Caspar,Pavlovka,2527060236,6.6,false
447,Ive,Balong Wetan,9788346157,4.3,false
448,Judie,Al Mijlad,6452258378,6.5,true
449,Zarla,Vreshtas,5499155576,4.5,false
450,Pauline,Paris 17,5519770957,4.9,true
451,Melissa,Xuanzhou,6792517152,4.3,false
452,Abdul,Bouarouss,1905696509,4.9,false
453,Gail,San Jose,6671237041,5.7,false
454,Maurice,Suidong,7892510965,5.7,false
455,Geordie,Bulakan,6977262596,4.8,true
456,Adrienne,Göteborg,2543574827,5.8,false
457,Lena,Agen,7751969292,5.2,false
458,Fairfax,Houston,7131335439,5.3,false
459,Edgardo,Limoeiro do Ajuru,5094069534,4.8,true
460,Harri,Lagoa Seca,9694230604,6.6,true
461,Derron,San José de las Lajas,6206543375,4.2,true
462,Charmane,Dawwār Tīnjah,7014620591,6.2,false
463,Peder,Yumaguzino,7717512949,4.5,true
464,Guthrie,Kodamachō-kodamaminami,7147866918,4.6,false
465,Hewet,Saint-Jean-de-Luz,3603377539,6.7,true
466,Cassy,Vairão,4366292365,6.4,false
467,Jaimie,Tubajon,1288606338,6.8,false
468,Lyndsay,Bethlehem,6108974747,6.4,true
469,Ruggiero,Picassinos,1131249063,4.9,true
470,Paxon,Panzhuang,2931912724,4.9,false
471,Maximilianus,Manzurka,5179835603,6.7,true
472,Melania,Jardin,8652283816,5.4,true
473,Torey,Tha Ruea,1346630047,4.0,false
474,Miranda,Sunne,6093714003,6.7,true
475,Berny,Bāniyās,1987181143,4.6,true
476,Berry,Brusque,5554293208,5.3,false
477,Vivia,Chakari,1644777173,5.1,true
478,Fawne,Grugul,8599318452,5.9,false
479,Colene,Khodzha-Maston,1503848044,6.5,true
480,Corinne,Yur’yevets,9948836966,4.8,true
481,Chrysler,Perpignan,7541010371,6.2,false
482,Viviana,Bojongloa,5154537467,4.3,false
483,Myrtle,Kristiansund N,4639199691,6.5,true
484,Ram,Verkhnevilyuysk,9542939004,5.7,true
485,Leila,Almelo,6882185895,7.0,true
486,Caroline,Carpentras,6216205414,4.2,true
487,Bayard,Sakākā,5127083996,4.3,true
488,Katey,Barayong,7808671579,5.4,false
489,Kennith,Kalej,7904429056,6.1,true
490,Marie,Chusovoy,7023118336,5.0,false
491,Gordan,Juan de Acosta,4131252296,6.6,false
492,Alix,Suodenniemi,2808697388,5.6,false
493,Jerrome,Karangpawitan,7451358473,5.2,true
494,Fran,Mondokan,6329710909,4.7,false
495,Etta,Savyntsi,7454324524,4.1,true
496,Eldridge,Sidi Slimane,5947389963,5.5,true
497,Nicola,Hali,4809622891,5.0,false
498,Granny,Jinshan,7123939614,5.8,true
499,Gerrie,San Andres,9143905172,6.6,false
500,Ailene,San Martin,6174359873,6.6,false
501,Cammy,Guarda Nova,7932381966,4.5,true
502,Free,Tyoply Stan,2357878676,6.3,true
503,Aimee,Vigia,4877043644,6.0,false
504,Elsworth,Niort,1083890114,6.8,true
505,Jackqueline,Florida,7255735716,6.5,false
506,Rachelle,Konstantinovo,4224294161,4.2,true
507,Michaela,Marco,5996937738,5.6,false
508,Fowler,Springfield,2177385062,5.4,false
509,Weylin,Castleknock,9903746497,6.5,false
510,Phaedra,Valbonë,3655771473,5.0,true
511,Gino,Hoima,8014678625,6.5,true
512,Bridie,Qizhen,4304311854,5.2,false
513,Kristoffer,Capitán Bermúdez,4603172161,6.2,false
514,Ulrike,Horad Smalyavichy,3807618820,5.4,false
515,Hollis,Pétionville,3024848239,6.6,true
516,Hermina,Baidoa,8062706614,6.4,false
517,Nicko,Hengli,9151407278,4.6,false
518,Adan,Granada,8618398220,6.1,false
519,Nolan,Krasnogorskoye,4241740208,4.3,true
520,Cindi,Taoyao,9298866692,5.8,false
521,Cindra,Idritsa,5542547743,4.3,true
522,Allard,‘Arīqah,5158301820,6.8,true
523,Tonia,Maguling,2635933868,6.5,false
524,Nils,Huasta,1207162069,4.1,false
525,Sibelle,Älvdalen,6842184749,4.3,false
526,Rodolfo,Xuefu,5016608875,5.0,true
527,Robbyn,Cangkreng,8442925611,6.9,false
528,Roseanne,Krasnokumskoye,7481211319,4.2,true
529,Sheela,Psevdás,5419676074,4.3,false
530,Katha,Flushing,3478190699,4.1,false
531,Fifine,Köping,7315145820,6.8,true
532,Freeman,Purda,1297299153,6.4,false
533,Amalea,Waxi,9858443355,5.2,false
534,Brennan,Fengcun,3994184500,6.9,true
535,Tuck,Nirji,6225271037,5.3,true
536,Zacharie,Kongjiafang,1752078683,4.3,false
537,Alisander,Xiahong,4533081185,6.3,true
538,Michaelina,Kabakovo,1165208966,6.8,true
539,Florry,Kinmparana,3322435219,6.3,true
540,Wally,Banjar Budakeling,5144207420,5.1,false
541,Marnie,Conner,8698668757,4.2,false
542,Brig,Llorente,8797594285,6.8,true
543,Aaren,Aldeia de Juzo,9285077134,5.1,false
544,Yoshi,Akoupé,8635116695,5.4,false
545,Licha,Nakło nad Notecią,9908888998,5.1,false
546,Chris,Krajan Ngerdani,9179229672,5.8,true
547,Janice,Charlottetown,2249703267,4.7,false
548,Karlen,Ochla,9255492774,4.2,true
549,Cesya,Rila,1939156851,5.0,true
550,Reggie,Yenagoa,3215456765,6.3,true
551,Tracey,Heerlen,1339195805,6.3,false
552,Doy,Ambarita,4305200123,5.4,true
553,Elias,Cortinhas,5597026858,4.2,false
554,Nathalie,Kangshan,6433764102,4.2,true
555,Yvette,Borūjen,4077629662,5.9,true
556,Evita,Gnojnica,5638538445,4.2,true
557,Boy,Kalvola,7482493903,4.9,true
558,Jaime,Nārang,6481431878,5.3,false
559,Barton,Guzhuyingzi,9597701657,4.1,true
560,Magdaia,Saint-Maurice,7283662214,4.3,true
561,Melessa,Portela,7486322450,4.5,true
562,Jaine,Nila Dua,8125530981,4.1,true
563,Bay,Nierumai,1408990971,5.6,false
564,Sigrid,Coronda,5323768478,4.5,true
565,Tarah,Babakankadu,3509647451,6.9,true
566,Orelia,Obolo-Eke (1),7455047382,5.3,true
567,Currie,Ndewel,8379398905,5.0,false
568,Irwinn,Khilok,5861945749,6.4,true
569,Durant,Nancheng,9053278235,5.1,false
570,Corliss,Mandangoa,8528172303,4.4,true
571,Kalle,Rogów,2325511530,5.1,false
572,Mayor,Monsanto,2768753834,6.0,true
573,Sawyere,São Joaquim,7455820781,4.3,true
574,Barnabe,Vanadzor,9658103834,6.7,true
575,Tersina,Sosnovka,7356597341,4.5,false
576,Joanna,Libušín,8914880047,4.9,true
577,Kimmy,Changgucheng,1598050155,5.8,true
578,Hally,Hekou,4541752922,4.4,false
579,Horatia,Murów,3399999022,6.8,true
580,Guss,Radviliskis,1637413963,6.2,false
581,Colby,Dongtai,9835010717,4.8,true
582,Elsworth,Itabuna,2271676518,6.3,true
583,Diena,Firenze,5777429879,4.4,false
584,Gustave,Tân Châu,6588549332,5.8,false
585,Amelina,Gibara,2407366211,4.7,false
586,Adrian,Hacıhüseynli,4031356116,5.4,false
587,Hetty,Klyuchevsk,4591099852,4.4,false
588,Bogey,Delvinë,8345622311,4.3,true
589,Lynn,Imishli,6032144423,5.5,true
590,Nigel,Haoba,8151918309,4.8,false
591,Marge,Hegarmanah,1419106738,5.8,true
592,Talbot,Barrosas,5617793351,4.7,true
593,Flore,Fullerton,7148432880,6.3,false
594,Joline,Khisarya,8287805051,4.3,false
595,Ivory,Basse-Terre,3369982506,6.6,false
596,Gordie,Kauhava,2006866717,5.5,true
597,Agnese,Lobuk,3989763404,5.5,false
598,Rustin,Citeureup,8249775276,4.0,false
599,Starlin,Paracambi,2144572441,4.4,true
600,Elroy,Gafanha de Aquém,2488137509,5.0,false
601,Noelani,Sankt Lorenzen im Mürztal,5893546539,6.0,true
602,Alasteir,Wuxing,9679975310,5.5,false
603,Esteban,Zhangcunping,5937774712,5.0,true
604,Red,Fenglin,1814238921,5.7,true
605,Kerrie,Uryupinsk,7838389128,4.4,false
606,Mano,Xinzhou,4758189746,4.5,false
607,Melicent,Lindavista,3584881569,5.0,false
608,Alexandro,Oklahoma City,4058462271,5.5,false
609,Gradey,Chacapalpa,7801705483,6.7,false
610,Zachariah,Bộc Bố,6961502884,5.6,true
611,Starr,Port-au-Prince,3362446404,5.0,true
612,Leighton,Monte Plata,4545738553,4.3,true
613,Micky,Puncakwangi,5015657186,5.4,false
614,Elvis,Ust’-Labinsk,6739816236,4.5,false
615,Raimondo,Cegłów,9677075015,6.4,true
616,Oralee,Perugia,2137725801,4.9,false
617,Lorry,Saint-Priest-en-Jarez,9378960311,5.4,true
618,Bambie,El Realejo,8468393660,5.1,true
619,Mora,New York City,2121519306,5.6,true
620,Kaja,A’ershan,7154790600,5.5,false
621,Denny,Bomadi,5933671081,6.5,false
622,Wesley,Przesmyki,2111776450,5.4,false
623,Richie,Bhiria,6187353280,4.1,true
624,Glendon,Zagórze,2148119590,6.8,true
625,Augy,Kuala Lumpur,9413812917,7.0,true
626,Alice,Songshan,7558512770,4.9,true
627,Lucho,Steinfort,3591116719,4.5,false
628,Vachel,Landázuri,4396345923,6.4,false
629,Barbi,Tartouss,9045068414,4.2,true
630,Uriah,Pirassununga,8423960149,4.8,false
631,Lemuel,Barengkok Hilir,6834703582,6.6,true
632,Mikael,Qarāwul,1894819178,6.8,true
633,Lynde,Pende,3643482350,5.2,false
634,Rosalia,Xiangshan,9555887377,5.1,true
635,Sanford,San Marcelino,7583678150,5.6,true
636,Celestina,Boavista,7033663136,4.9,true
637,Clareta,Mwene-Ditu,8503753405,6.4,true
638,Monah,Surami,4848534467,6.0,false
639,Carlotta,Amapala,2964128143,6.3,false
640,Conrado,Komiža,1735837734,6.0,false
641,Cinda,Iporã,5474037940,5.7,true
642,Richmound,Costa Rica,2427428391,5.2,false
643,Marlin,Cabanaconde,6928780464,6.5,false
644,Kristofer,Granja,2907542517,4.3,false
645,Jeddy,Crossmolina,9951547385,4.1,false
646,Jaimie,Taunan,7966426026,6.5,true
647,Louisa,Kalisabuk,6147934018,5.3,false
648,Sybille,Lile,4429873348,6.0,true
649,Alasteir,Prochowice,4257937802,6.9,false
650,Marice,Capim Grosso,5163425882,6.4,false
651,Lyssa,Drahovo,8998546442,5.3,true
652,Waldo,Yakutsk,6834350981,6.8,false
653,Isa,Fuji,5958829933,4.5,false
654,Rossie,Mariel,9527942955,6.3,true
655,Clareta,Xiantang,1694844309,6.1,true
656,Tully,Longgang,9003029402,5.6,false
657,Piper,Bulembu,3471628514,4.2,false
658,Rowland,Ddmashen,5821738770,5.7,false
659,Vanya,L’govskiy,7611987860,5.2,true
660,Miguela,Zhukovskiy,5506120862,6.5,true
661,Towny,Guri-si,7828370606,5.0,true
662,Reeta,Wasquehal,1452304912,5.6,true
663,Denver,Zhyrovichy,9346562393,4.2,true
664,Felicio,Wucheng,6824294689,5.8,true
665,Adham,Tamiso,6705468081,6.6,true
666,Donn,H̱olon,4619707878,5.8,false
667,Gabi,Loikaw,1252830170,4.7,false
668,Zora,Morong,5137934752,6.9,true
669,Raviv,Shiraoi,2128623971,5.7,false
670,Abran,Abū Mūsā,4294934372,5.9,false
671,Francklin,Masoyila,4739967999,4.1,true
672,Agna,Fukayachō,8292201620,6.9,true
673,Gilligan,Zhulin,1625485584,4.7,false
674,Odetta,Mabini,3695286974,4.0,false
675,Larina,Mpophomeni,3663617245,4.8,true
676,Patrica,Beibao,5626672112,6.2,true
677,Lucie,Hexi,1469436407,4.9,true
678,Erik,Los Angeles,2135421993,4.2,false
679,Hill,Arauco,1718085688,5.1,false
680,Klaus,Kurba,3742437508,4.2,false
681,Dominic,Santa Teresita,4119045565,6.7,false
682,Sandye,Niedzica,6082283215,6.6,true
683,Mersey,Jingzi,8086033228,5.2,true
684,Hettie,Boronów,4149157992,4.6,false
685,Germana,Youyun,7766443840,7.0,false
686,Prudence,Łąck,3029440796,5.9,false
687,Tracy,Courbevoie,4629599382,5.9,false
688,Alfredo,Floriana,5148862717,5.3,true
689,Prentiss,Itaqui,2967826077,5.7,false
690,Boniface,Oued Laou,4882512223,4.1,false
691,Debby,Zibo,1579820754,4.4,false
692,Aveline,Al Manzilah,3354171187,6.5,true
693,Norean,Kalodu,2292807020,4.3,true
694,Bobbette,Krzanowice,1581539306,5.3,true
695,Leeanne,Hefei,1027799081,5.2,true
696,Francine,Betong,1584167520,5.6,false
697,Torrance,Petrolera,9958468378,5.2,true
698,Anitra,Lokokrangan,3711137973,6.8,false
699,Shaylyn,Debesy,1092364052,5.6,true
700,Tuck,Vanderhoof,6853654423,6.0,true
701,Ailina,Qingfa,3726437471,6.9,false
702,Urbain,Besançon,7237782536,5.7,false
703,Laure,Wagar,3168132490,4.2,true
704,Xerxes,Barranca,8549954309,6.2,true
705,Waring,Qarah Ẕīā’ od Dīn,9272978261,6.8,false
706,Blake,Boac,2172575998,5.5,true
707,Annaliese,Aizi,9781964300,6.0,false
708,Haleigh,Tonghu,5344887593,4.4,false
709,Penny,Tullich,5148807609,5.5,true
710,Flossi,Ortigueira,1451275770,4.2,true
711,Dov,Lela,4258543469,4.6,false
712,Mara,Yasnogorsk,3778245222,6.3,false
713,Mace,Muarapinang,9057877487,5.6,true
714,Daria,Trinidad,9079006427,6.9,true
715,Peadar,Santiago dos Velhos,4658661309,4.9,true
716,Edwina,Irbit,6688958920,4.9,true
717,Eyde,San Miguel,6389813463,6.4,true
718,Jozef,Dongle,2771626934,5.8,true
719,Wyatt,Filabusi,8339637409,4.1,false
720,Fidelia,Moluo,4584405666,4.0,false
721,Gaylor,Qinggis Han,7599314554,6.9,true
722,Letizia,Aga,9841403006,6.6,false
723,Ardyth,Cabaiguán,7923081839,4.4,false
724,Jacquelin,Kelburn,5481831808,4.4,true
725,Celene,Laban,4098965728,6.6,false
726,Minnie,Wanhu,6765488928,5.3,true
727,Feliks,Niort,2424100556,4.4,false
728,Diann,Tabon,4595311617,6.2,true
729,Rubina,Pico Truncado,8074072916,4.9,true
730,Winthrop,San Martín,8387422479,5.6,false
731,Maxie,Kogon,6698752898,5.5,false
732,Timmie,Matriz de Camaragibe,2906861945,6.4,false
733,Giustino,Volodymyrets’,3123148823,4.8,false
734,Claudie,Trảng Bàng,7424790883,4.5,false
735,Bobinette,Kavásilas,4708277385,5.1,false
736,Clarita,Cikalaces,6846050918,5.0,true
737,Silvanus,Estância Velha,1145087582,6.9,true
738,Karin,Pagaruša,9104383884,6.6,true
739,Dulce,Hayama,5477541200,4.4,false
740,Helge,Shangshaleng,8241211457,6.7,false
741,Craggy,Jiangkou,1312953587,6.5,true
742,Kaja,Kirzhach,5122877355,4.5,false
743,Erv,Piraí,2292190085,6.5,false
744,Lissie,Mahdishahr,3971539402,6.9,true
745,Margaret,Karlstad,2941033835,4.2,false
746,Cash,Florencio Varela,1416116270,4.4,false
747,Prudy,Sokolov,8948065323,6.7,true
748,Tera,Mungui,9782527357,4.8,false
749,Nolly,Rossosh’,5068750661,6.6,true
750,Ginnifer,Puspajaya,1867379069,5.9,false
751,Roy,Phôngsali,8805930678,5.7,false
752,Gaspard,P’yŏngsŏng,7804063202,6.1,true
753,Josefina,Paris 08,3338480104,5.4,false
754,Traver,Haveluloto,6101868633,4.5,true
755,Brita,Hammam Sousse,1453080466,5.6,true
756,Dukey,Odemira,1378380797,4.7,false
757,Keir,Dalongtan,1138687681,6.4,false
758,Meggy,Guanxi,6131995181,5.8,false
759,Townsend,Intendente Alvear,6197922962,6.7,true
760,Aileen,Santol,4333989209,6.2,true
761,Lenore,Tongyu,5811255834,6.9,true
762,Deeann,Tempe,4805934014,5.8,false
763,Ashley,Cabrela,4393969695,5.8,false
764,Lyndel,Boafeo,6173276340,4.4,true
765,Urbain,Semampirbarat,6619917843,4.9,true
766,Cordy,Kurjan,1705912987,7.0,true
767,Haley,Pārūn,2067480142,5.8,false
768,Donni,Yaviza,1911095249,4.3,true
769,Langsdon,New Mīrpur,5615197529,5.1,false
770,Pam,Talisay,9258548475,5.9,false
771,Sergei,Borzechów,8756370451,4.7,true
772,Adria,Mengla,3966334960,5.4,true
773,Fritz,Kramat,4349355131,5.8,false
774,Almire,Ossora,1452392272,5.3,false
775,Belle,Kuala Terengganu,6207679002,4.5,true
776,Nita,Všetaty,2116939367,5.8,true
777,Felicio,Stockholm,2616821741,6.3,false
778,Ashley,Engel’-Yurt,2477555434,6.6,true
779,Bendick,Novyye Gorki,4773837711,4.8,false
780,Kacie,Heba,1022743395,5.2,false
781,Teddie,Shanjiang,1407854534,5.5,false
782,Lawrence,Araguari,2949816862,6.0,true
783,Willi,Sundsvall,1398313393,4.5,false
784,Raviv,Lantapan,1125490272,6.2,false
785,Doloritas,Chaodi,8215322903,4.5,true
786,Burtie,Sivaki,4609357056,4.5,false
787,Yulma,Mġarr,7755007557,6.4,false
788,Othello,Łętownia,5357325500,4.2,false
789,Marillin,Ishii,8831780313,5.2,true
790,Idalia,Huangbu,9671309268,5.3,false
791,Donalt,Sumber Tengah,8249364952,6.9,true
792,Dotti,Tungdor,6379801370,6.3,false
793,Nikki,Salgueiro,9527741907,4.9,true
794,Benedick,Muzi,8134246517,6.8,true
795,Cinderella,Yarumal,9453013438,5.1,true
796,Nicola,Lennec,5946888574,4.4,false
797,Bob,Matanzas,3853860884,6.2,false
798,Giffie,Pontarlier,6607967047,4.8,true
799,Jim,Baoshi,6764955569,4.0,true
800,Dom,Rogowo,4272956056,6.1,true
801,Domenico,Oslo,8283544188,5.2,false
802,Alwyn,Visby,8775166448,4.3,true
803,Berni,Manhuaçu,1599842542,4.2,false
804,Shandeigh,Itapipoca,9432244232,5.8,true
805,Antonietta,Nōgata,8569757169,5.1,false
806,Tiebold,Kraskino,7563656775,5.7,true
807,Cecil,Colorado Springs,7191869869,6.5,true
808,Shelli,Pilar,6236890654,4.1,false
809,Kassandra,Salanegara,9465954052,5.0,false
810,Kitty,Ambilobe,5833745641,4.1,false
811,Allayne,Saint-Amand-les-Eaux,7291858893,6.2,true
812,Faina,Louka,7313236640,5.1,true
813,Jany,Birendranagar,9494331838,5.2,false
814,Ariel,Idi Rayeuk,1287682421,6.2,true
815,Tabina,Rangmanten,4295949139,6.4,false
816,Micah,Hengli,2564353965,4.6,true
817,Mirilla,Maiyema,9283281404,6.4,false
818,Jenni,Padova,9223327646,4.1,true
819,Elsi,Pryazha,7584586490,4.9,true
820,Camila,Āqchah,1663923394,5.6,false
821,Marlie,Morinville,7809297941,5.2,false
822,Chancey,Zhongxing,8214973297,6.0,false
823,Lira,Shangqing,6675203878,4.5,true
824,Baldwin,Sarmīn,2635919521,5.8,true
825,Bradly,Xicheng,7266800675,6.2,true
826,Ardyce,Dhanot,6339896340,6.4,true
827,Geraldine,Balucuc,6393656752,4.8,false
828,Laurie,Cherryville,1915499627,6.2,true
829,Harlene,West Jerusalem,5596785374,5.2,true
830,Melany,Changjiang,9065249686,6.8,false
831,Myriam,Kaduranca,1748646257,4.3,true
832,Neill,Jiang’an,7498286266,6.5,true
833,Wilona,Nabari,9379403848,5.3,true
834,Rick,Cabrero,2007430513,6.7,true
835,Gabrielle,Keyi,6641066214,6.8,true
836,Johnette,Camrose,3062317483,6.7,true
837,Galina,Moutsamoudou,3807749260,4.6,false
838,Adelice,Sanli,2374381336,4.6,false
839,Merla,Nanguzhuang,3923220245,6.3,false
840,Alyosha,Huangtian,5793778486,5.5,true
841,Jehu,Linshanhe,9073139230,5.5,true
842,Hammad,Newmarket,8082664572,4.9,true
843,Donni,Buliu,1133966742,5.9,true
844,Clarissa,Mundybash,3137946637,5.3,true
845,Nady,Nagano-shi,4181120582,6.4,false
846,Fraser,Odolanów,4309211621,5.8,true
847,Vickie,Ipauçu,1735654518,6.5,true
848,Catha,Battaramulla South,7947962200,5.6,false
849,Aimee,Al ‘Awjā,3333283747,6.6,false
850,Starr,Bone South,9738054444,5.4,false
851,Boone,Mizusawa,7883646512,6.3,false
852,Emmott,Mýki,1054166130,5.7,true
853,Aurel,Hobonio,4686552045,5.6,true
854,Kaylyn,Terek,5179902981,4.5,false
855,Nap,Krupka,5545954121,5.8,false
856,Doroteya,Youwarou,1875767596,7.0,true
857,Salomi,Pulau Tiga,4932515049,5.5,true
858,Tiertza,Apengjiang,5641921474,6.6,true
859,Fabian,Prudentópolis,9459398930,6.8,false
860,Zenia,Luchingu,2613534719,5.0,false
861,Celine,Maqiu,1098291530,6.7,true
862,Ham,Tall Ḩamīs,7001750946,5.5,false
863,Cathi,Padre Paraíso,3243426989,4.5,true
864,Ambur,San Diego,6194544981,4.8,false
865,Ganny,Whittlesea,3182974665,6.3,false
866,Jasmina,Karangbaru,5716836159,5.2,false
867,Marybeth,San Antonio,2102397985,6.5,true
868,Nealy,Sannikovo,4507009512,4.4,true
869,Chrysler,Mekarsari,5474609960,4.9,false
870,Philippa,Mvuma,3698750823,4.1,true
871,Wilbert,Krasnogorskoye,9719443480,5.0,false
872,Giffy,Preobrazhenka,2326153518,4.2,false
873,Cicily,Nisí,6056325022,6.2,false
874,Roselia,Bantar Tengah,9829753195,5.2,true
875,Humfrid,Phu Khiao,8592057957,5.1,false
876,Valentina,Dongjian,1409164769,4.4,false
877,Mufinella,Sabanagrande,3379966715,5.5,false
878,Aurora,Souto,4928765916,5.1,false
879,Adrien,Gubeikou,8964613563,5.1,false
880,Chlo,Batiovo,1473042330,5.1,true
881,Humphrey,Sidu,8303727149,6.9,true
882,Grazia,Pardubice,9899933680,6.2,false
883,Craggie,Privodino,9327589553,4.9,true
884,Zack,Voinjama,4649003850,5.8,false
885,Isabelle,Tarata,3196786024,4.6,false
886,Felice,Waimangura,5539007364,5.7,true
887,Tilly,Yampil’,8061628754,6.9,true
888,Rici,Lagoa do Itaenga,2819784943,6.5,true
889,Editha,Punta Alta,6106638426,4.3,true
890,Toiboid,Gaspar,8346945537,6.0,true
891,Dion,Shijing,2128697190,4.1,false
892,Briney,Şirrīn ash Shamālīyah,9425804190,6.9,false
893,Domenico,Cúcuta,7148163070,6.1,true
894,Diahann,Lucas,7891755066,6.0,false
895,Benita,Ash Shuhadā’,4562766605,6.9,false
896,Victor,Surat Thani,9782638893,6.4,false
897,Sybila,Vallentuna,2021852728,5.6,true
898,Jammie,Oebatu,6584232177,6.0,false
899,Lenci,Tazemmourt,5599020701,5.4,true
900,Connie,Niort,6133748886,5.7,true
901,Janene,Manzë,8965134228,4.0,false
902,Merl,Bojonggenteng,5077479865,6.5,false
903,Gaylord,Fontenay-sous-Bois,9348263248,6.6,true
904,Leela,Boston,6178145812,5.4,false
905,Alice,Sincelejo,7829989563,6.2,true
906,Annmarie,Knoxville,8653110443,6.7,false
907,Loni,Nove-Misto,6972865545,4.3,true
908,Levey,Nīca,2954782155,5.5,true
909,Halli,Lyon,1473903968,5.0,false
910,Fiann,Benito Juarez,6294370619,5.8,false
911,Livvy,Iporá,4048111227,7.0,true
912,Serena,Huangzhu,7825081357,4.5,false
913,Audre,Zhongpai,8082117926,4.7,true
914,Demetria,Maroantsetra,7879702045,4.1,false
915,Car,Progreso,9495911192,6.5,true
916,Averil,Krásná Lípa,5065060360,5.3,false
917,Theresita,Sabang,8751887810,5.2,true
918,Ahmad,Jielin,7307845471,5.4,true
919,Bentlee,Kademangan,1433731959,6.1,true
920,Lauryn,Lailunggi,3603203366,6.5,false
921,Vernor,Chirongui,7106554414,4.8,true
922,Cathi,Karachi,2716090698,5.6,false
923,Isa,Ḩadādah,2857983471,5.3,false
924,Edee,Dagang,5497981430,6.9,true
925,Fabien,San Marcos de Colón,4271998157,5.6,true
926,Dorelia,Taosha,3744979008,6.6,false
927,Noella,Guagua,8387228108,5.8,true
928,Gabie,Santo Tomas,6813034126,4.3,true
929,Kikelia,Waitun,8827284874,5.4,false
930,Kerby,Pangkalanbuun,4184252026,5.3,true
931,Kellina,Yinglan,6154522089,5.5,false
932,Gawain,Foz do Arelho,9858659423,6.0,true
933,Hayes,Yingkeng,4075056609,5.8,true
934,Leigh,Herāt,7176383589,5.9,false
935,Herrick,Khursā,1028435455,5.6,true
936,Petronille,Huoqiu Chengguanzhen,4943160573,5.0,true
937,Ilene,Sheli,7943776291,4.8,false
938,Neala,Xinglong,6396860014,6.7,false
939,Melina,Shirgjan,5539327478,4.8,false
940,Stacia,Loboniki,8392753663,6.6,true
941,Jacenta,Shu,5845043266,5.5,false
942,Rozanne,Monte Leite,1749765354,5.2,true
943,Trina,Yako,3841568501,4.7,true
944,Angela,Bedalewun,7803925202,5.4,true
945,Kerr,København,2017705811,5.8,true
946,Corey,Cuevas,2194309757,6.3,true
947,Josepha,Baidoa,6137061071,5.6,true
948,Jacenta,Creighton,7923391982,6.1,true
949,Maureen,El Hamma,7884448497,5.1,true
950,Aryn,Skoura,7485784594,5.7,false
951,Rollins,Niimi,4912142977,4.0,true
952,Vivyanne,Quinta,8046569468,5.2,false
953,Phaedra,Caledon,6657597549,6.1,true
954,Olga,Cikai,6808423862,4.5,true
955,Benedick,Majagual,7413869142,5.3,true
956,Kelcie,Linjiang,9097698616,5.4,true
957,Vanya,Bol’shaya Setun’,3401645168,5.5,false
958,Minette,Ban Thai Tan,8837750071,5.0,false
959,Howie,Mapusagafou,3639668538,5.6,false
960,Loren,Camacha,7491882855,5.5,false
961,Lorry,Shahe,8108288089,6.3,true
962,Josephina,Fianarantsoa,2065221049,6.5,false
963,Giulia,Chikan,3793293266,4.2,false
964,Helga,Krajan,6466275454,5.5,true
965,Fanya,Peer,4484831685,6.6,true
966,Aubert,Sơn Tịnh,6543598154,5.4,false
967,Pall,Macun,9715301849,6.9,false
968,Sande,Ljubešćica,4493212303,6.3,true
969,Con,Muara,3774565107,6.4,true
970,Jeno,Taohua,8912302040,5.3,false
971,Kesley,Concordia,9368131037,5.2,false
972,Sunny,Čakovec,3016833138,5.8,false
973,Baily,Mataya,8224563415,4.4,true
974,Janeva,Nong Ki,7065850948,5.9,true
975,Rayshell,Langenburg,7903053460,5.1,false
976,Ado,Calimete,8119052118,5.8,false
977,Katee,Sancha,1661829551,6.4,false
978,Barclay,Oepuah,7766225555,4.2,false
979,Issie,Nanao,6464346778,5.7,true
980,Eberhard,Pakkat,7877381339,6.7,true
981,Justina,Włoszczowa,5212800547,4.7,true
982,Desiri,Selorejo,1244351844,6.3,false
983,Viviana,Dortmund,9437106497,7.0,false
984,Jasmin,Annecy,1447172813,5.3,false
985,Judas,Riung,4618908435,4.1,false
986,Louise,Inírida,4111062778,4.5,true
987,Cordelia,Gorzyce,1111704217,4.4,false
988,Melesa,Karawatu,1891415866,6.2,false
989,Rosina,Hämeenkoski,5518359308,4.6,false
990,Mattie,Balindong,1088113472,5.1,true
991,Maddi,San Ramon,4307185743,5.8,true
992,Marice,Bromma,4316066860,5.6,true
993,Bordie,Maragogi,5989079180,5.8,true
994,Marylynne,Mossendjo,4952921334,5.9,false
995,Iorgo,Bayt al ‘Awābī,9112710901,4.1,true
996,Matty,Magdalena,7751851222,6.5,true
997,Lilia,Dallas,2146817834,4.8,false
998,Ludvig,Tromsø,5593847791,4.6,false
999,Hadrian,Nortelândia,7427337210,4.4,true
1000,Bernette,Trinidad,2486296864,4.7,false
